{
  "$schema": "https://json-schema.org/draft/2020-12/schema",
  "title": "Cantrip Symbol Index",
  "type": "object",
  "properties": {
    "module": {
      "type": "string"
    },
    "items": {
      "type": "array",
      "items": {
        "type": "object",
        "properties": {
          "name": {
            "type": "string"
          },
          "kind": {
            "enum": [
              "function",
              "record",
              "enum",
              "trait",
              "effect",
              "module",
              "modal"
            ]
          },
          "visibility": {
            "enum": [
              "public",
              "internal",
              "private",
              "protected"
            ]
          },
          "aliases": {
            "type": "array",
            "items": {
              "type": "string"
            }
          },
          "location": {
            "type": "string"
          }
        },
        "required": [
          "name",
          "kind"
        ]
      }
    }
  },
  "required": [
    "module",
    "items"
  ]
}
